NAME,ID,ALIGN,EYE,HAIR,SEX,APPEARANCES,YEAR
Spider-Man,Secret,Good,Hazel,Brown,Male,4043,1962
Captain America,Public,Good,Blue,White,Male,3360,1941
Wolverine,Public,Neutral,Blue,Black,Male,3061,1974
Iron Man,Public,Good,Blue,Black,Male,2961,1963
Thor,No Dual,Good,Blue,Blond,Male,2258,1950
Benjamin Grimm,Public,Good,Blue,No,Male,2255,1961
Reed Richards,Public,Good,Brown,Brown,Male,2072,1961
Hulk,Public,Good,Brown,Brown,Male,2017,1962
Scott Summers,Public,Neutral,Brown,Brown,Male,1955,1963
Jonathan Storm,Public,Good,Blue,Blond,Male,1934,1961
Henry McCoy,Public,Good,Blue,Blue,Male,1825,1963
Susan Storm,Public,Good,Blue,Blond,Female,1713,1961
Namor McKenzie,No Dual,Neutral,Green,Black,Male,1528,
Ororo Munroe,Public,Good,Blue,White,Female,1512,1975
Clinton Barton,Public,Good,Blue,Blond,Male,1394,1964
Matthew Murdock,Public,Good,Blue,Red,Male,1338,1964
Stephen Strange,Public,Good,Grey,Black,Male,1307,1963
Mary Jane Watson,No Dual,Good,Green,Red,Female,1304,1965
John Jonah Jameson,No Dual,Neutral,Blue,Black,Male,1266,1963
Robert Drake,Secret,Good,Brown,Brown,Male,1265,1963
Henry Pym,Public,Good,Blue,Blond,Male,1237,1962
Charles Xavier,Public,Good,Blue,Bald,Male,1233,1963
Warren Worthington III,Public,Good,Blue,Blond,Male,1230,1963
Piotr Rasputin,Secret,Good,Blue,Black,Male,1162,1975
Wanda Maximoff,Public,Good,Green,Brown,Female,1161,1964
Nicholas Fury,No Dual,Neutral,Brown,Brown,Male,1137,1963
Janet van Dyne,Public,Good,Blue,Auburn,Female,1120,1963
Jean Grey,Public,Good,Green,Red,Female,1107,1963
Natalia Romanova,Public,Good,Green,Red,Female,1050,1964
Kurt Wagner,Secret,Good,Yellow,Blue,Male,1047,1975
Vision,Secret,Good,Gold,No,Male,1007,1968
May Reilly,No Dual,Good,Blue,Grey,Female,1000,1962
Katherine Pryde,Secret,Good,Hazel,Brown,Female,886,1980
Carol Danvers,Public,Good,Blue,Blond,Female,881,1968
Jennifer Walters,Public,Good,Green,Brown,Female,881,1980
Emma Frost,Public,Neutral,Blue,Brown,Female,880,1980
Frank Castle,Public,Neutral,Blue,Black,Male,878,1974
Luke Cage,No Dual,Good,Brown,Black,Male,856,1972
Rogue ,Secret,Good,Green,Auburn,Female,850,
Conan,No Dual,Neutral,Blue,Black,Male,787,1970
Joseph Robertson,No Dual,Good,Brown,White,Male,752,1967
Pietro Maximoff,Public,Good,Blue,Silver,Male,740,1964
Hercules,No Dual,Good,Blue,Brown,Male,725,1965
Victor von Doom,Public,Bad,Brown,Brown,Male,721,1962
Max Eisenhardt,Public,Neutral,Grey,Bald,Male,709,1963
Elizabeth Braddock,Secret,Neutral,Blue,Purple,Female,708,1976
Norrin Radd,Public,Good,Blue,Bald,Male,696,1966
Norman Osborn,Public,Bad,Blue,Auburn,Male,692,1964
Eugene Thompson,Secret,Good,Blue,Strawberry Blond,Male,689,1962
Simon Williams,Public,Good,Red,Grey,Male,686,1964
Samuel Guthrie,Secret,Good,Blue,Blond,Male,657,1982
James Buchanan Barnes,Secret,Good,Brown,Brown,Male,641,1941
Remy LeBeau,Secret,Good,Black Eyeballs,Brown,Male,636,1990
Daniel Rand,Secret,Good,Blue,Blond,Male,618,1974
Nathan Summers,Public,Neutral,Blue,White,Male,612,1986
Elizabeth Brant,No Dual,Good,Brown,Brown,Female,599,1963
Richard Jones,Secret,Good,Brown,Brown,Male,590,1962
Edwin Jarvis,No Dual,Good,Blue,White,Male,567,1964
Alexander Summers,Public,Good,Blue,Blond,Male,558,1969
Patricia Walker,Secret,Good,Blue,Red,Female,550,1944
Human Torch ,Public,Good,Blue,Blond,Male,548,1939
Loki Laufeyson,No Dual,Neutral,Green,Black,Genderfluid,532,1949
Franklin Nelson,No Dual,Good,Blue,Bald,Male,528,1964
Brian Braddock,Public,Good,Blue,Blond,Male,528,1976
Otto Octavius,Secret,Neutral,Hazel,Brown,Male,526,1963
James Rhodes,Secret,Good,Brown,Brown,Male,525,1979
Timothy Dugan,Public,Good,Blue,Red,Male,517,1963
Crystalia Amaquelin,Public,Good,Green,Strawberry Blond,Female,512,1965
Samuel Wilson,Public,Good,Brown,Black,Male,512,1969
Wilson Fisk,Public,Bad,Blue,Bald,Male,503,1967
Odin Borson,Public,Neutral,Blue,White,Male,502,1962
Deadpool,Secret,Neutral,Brown,Bald,Male,500,1991
Dane Whitman,Secret,Good,Brown,Brown,Male,478,1967
Harold Osborn,No Dual,Good,Blue,Brown,Male,474,1965
Franklin Richards,No Dual,Good,Blue,Blond,Male,473,1968
Jessica Drew,Secret,Good,Green,Auburn,Female,471,1977
Roberto da Costa,Secret,Good,Brown,Black,Male,464,1982
Rahne Sinclair,Secret,Good,Green,Red,Female,448,1982
Elizabeth Ross,Public,Good,Blue,Black,Female,446,1962
Lorna Dane,Secret,Good,Green,Green,Female,433,1968
Blaine Colt,Public,,Blue,Blond,Male,429,
Johnathon Blaze,Secret,Good,Blue,Reddish Blond,Male,426,1972
Sif,No Dual,Good,Blue,Black,Female,422,1964
Red Hulk,Public,Neutral,Blue,Black,Male,415,1962
Jubilation Lee,Secret,Good,Brown,Black,Female,408,1989
Volstagg,Public,Good,Blue,Red,Male,406,1965
Balder Odinson,Secret,Good,Blue,Brown,Male,403,1962
Galactus,Secret,Neutral,Brown,No,Male,390,1966
Danielle Moonstar,Secret,Good,Brown,Black,Female,388,1982
Marc Spector,Secret,Good,Brown,Brown,Male,387,1975
Gwendolyne Stacy,No Dual,Good,Blue,Blond,Female,384,1965
Medusalith Amaquelin,Public,Good,Green,Red,Female,382,1965
Sabretooth,Secret,Bad,Amber,Blond,Male,382,1977
Illyana Rasputina,Secret,Neutral,Blue,Blond,Female,380,1975
Johann Shmidt,Public,Bad,Blue,Blond,Male,376,1941
Fandral,Secret,Good,Blue,Blond,Male,375,1965
Sean Cassidy,Secret,Neutral,Green,Strawberry Blond,Male,374,1967
Thomas Raymond,Secret,Good,Blue,Black,Male,373,1940
Uatu,Public,Good,Blue,Bald,Male,373,1963
Richard Rider,Public,Good,Brown,Brown,Male,373,1976
Hogun,Public,Good,Grey,Black,Male,371,1965
Raven Darkholme,Secret,Bad,Yellow,Red,Female,371,1978
Barbara Morse,Secret,Good,Blue,Blond,Female,368,1971
Blackagar Boltagon,No Dual,Good,Blue,Black,Male,366,1965
Brunnhilde,Secret,Good,Blue,Blond,Female,361,1970
Alison Blaire,Public,Good,Blue,Strawberry Blond,Female,353,1980
Venom ,Known to Authorities,Neutral,Variable,No,Agender,348,1984
John Walker,Secret,Good,Blue,Blond,Male,346,1986
Greer Grant,Public,Good,Green,Black,Female,342,1972
Karla Sofen,Public,Neutral,Blue,Blond,Female,340,1975
William Baker,Secret,Neutral,Brown,Brown,Male,338,1963
Sharon Carter,Public,Good,Blue,Blond,Female,332,1966
Felicia Hardy,Public,Bad,,Blond,Female,332,1979
Cain Marko,Public,Neutral,Blue,Red,Male,329,1965
Monica Rambeau,Secret,Good,Brown,Black,Female,327,
Maria Hill,No Dual,Good,Brown,Black,Female,325,2005
Ben Urich,No Dual,Good,Brown,Brown,Male,324,1978
Heather Douglas,Secret,Good,Blue,Bald,Female,323,1973
Millicent Collins,Public,,Blue,Blond,Female,321,1945
James Proudstar,Secret,Good,Brown,Black,Male,320,1984
Angelica Jones,Known to Authorities,Good,Green,Red,Female,319,1985
Edward Brock,Public,Neutral,Black,Blond,Male,318,1986
MacDonald Gargan,Secret,Bad,Brown,Bald,Male,317,1964
Mephisto,No Dual,Bad,White,Black,Male,316,1968
Tabitha Smith,Secret,Good,Blue,Blond,Female,316,1985
Jean-Paul Beaubier,Secret,Good,Blue,Black,Male,313,1979
Daniel Ketch,Secret,Neutral,Green,Brown,Male,311,1990
Neena Thurman,Secret,Good,Blue,Black,Female,310,1992
Wong,No Dual,Good,Brown,Bald,Male,306,1963
Thanos,No Dual,Bad,Red,No,Male,306,1973
Shang-Chi,No Dual,Good,Brown,Black,Male,296,1973
Alicia Masters,No Dual,Good,Brown,Strawberry Blond,Female,293,1962
Robert Baldwin,Secret,Good,Blue,Blond,Male,293,1988
Vance Astrovik,Public,Good,Hazel,Brown,Male,290,1975
Wendell Vaughn,Secret,Good,Blue,Blond,Male,290,1978
Chili Storm,Public,,Green,Red,Female,284,1948
Abner Jenkins,Public,Good,Brown,Brown,Male,284,1964
Elektra Natchios,Secret,Neutral,Blue,Black,Female,280,1981
Bullseye ,Secret,Bad,Blue,Blond,Male,277,1976
Forge,Public,Good,Brown,Black,Male,276,1984
Virginia Potts,No Dual,Good,Green,Red,Female,274,1963
Walter Langkowski,Secret,Good,Blue,Blond,Male,273,1979
Gorgon,Secret,Good,Brown,Brown,Male,272,1965
James Madrox,Public,Good,Brown,Brown,Male,271,1975
Heimdall,Secret,Good,Grey,Brown,Male,270,1962
Theresa Cassidy,Secret,Good,Green,Red,Female,267,1981
Laura Kinney,Secret,Good,Green,Black,Female,265,2004
Arthur Douglas,Secret,Good,Blue,Brown,Male,264,1973
Peter Parker ,Secret,Good,Hazel,Blond,Male,263,1975
Warlock ,Secret,Good,Black,No,Male,261,1984
Kevin Plunder,Public,Good,Blue,Blond,Male,260,1965
Leonard Samson,Public,Good,Brown,Green,Male,260,1971
Melissa Gold,Secret,Good,Green,Blond,Female,260,1979
Lockheed,Secret,Good,,No,Male,260,1983
Mercedes Knight,Public,Good,Brown,Black,Female,259,1972
Moira Kinross,No Dual,Good,Blue,Brown,Female,259,1975
Karnak,Secret,Good,Blue,Black,Male,257,1965
Namorita Prentiss,Public,Good,Blue,Blond,Female,257,1972
Lockjaw,Secret,Good,Brown,Brown,Male,255,1965
Adam Warlock,No Dual,Good,White,Gold,Male,252,1967
Heather McNeil,Public,Neutral,Green,Red,Female,252,1980
Curtis Connors,Public,Neutral,Red,No,Male,250,1963
Theodore Sallis,Secret,Good,Red,No,Male,249,1971
Adrian Toomes,Public,Bad,Hazel,Bald,Male,248,1963
Amora,Public,Bad,Green,Blond,Female,247,1964
Clea,No Dual,Good,Blue,White,Female,247,1964
Mar-Vell,Public,Good,Blue,Blond,Male,245,1967
Eugene Judd,Public,Good,Brown,Bald,Male,245,1983
Daimon Hellstrom,No Dual,Neutral,Red,Red,Male,242,1973
John Jonah Jameson III,No Dual,Good,Brown,Auburn,Male,240,1963
Triton,No Dual,Good,Green,No,Male,240,1965
Meggan Puceanu,Secret,Good,,,Female,240,1983
Robert Reynolds,Secret,Neutral,Blue,Blond,Male,240,2000
Aleksei Sytsevich,Secret,Bad,Brown,Brown,Male,239,1966
Santo Vaccarro,Secret,Good,White,No,Male,238,2003
Jonathan Clay,Secret,Good,Blue,Red,Male,237,1960
Ares,Secret,Neutral,Brown,Brown,Male,236,1949
Sersi,Secret,Good,Blue,Black,Female,236,1976
Guido Carosella,Secret,Neutral,Brown,Bald,Male,236,1985
Zabu,Public,Good,Green,Orange,Male,234,1965
Michael Morbius,Secret,Neutral,Red,Black,Male,231,1971
Julio Richter,Secret,Good,Brown,Brown,Male,231,1987
Phoenix Force,Secret,Neutral,,No,,229,1976
Megan Gwynn,Public,Good,Black Eyeballs,Pink,Female,229,2004
Kyle Richmond,Secret,Good,Brown,Auburn,Male,227,1969
Karen Page,No Dual,Good,Blue,Blond,Female,226,1964
Tyrone Johnson,Secret,Good,Brown,Black,Male,226,1982
Maxwell Dillon,Public,Bad,Blue,Auburn,Male,225,1964
Valerie Cooper,Public,Good,Blue,Blond,Female,225,1983
Anna May,No Dual,Good,Blue,White,Female,224,1964
Vlad Dracula,No Dual,Bad,Red,White,Male,223,1951
Tandy Bowen,Secret,Good,Blue,Blond,Female,222,1982
Monet St. Croix,No Dual,Good,Brown,Black,Female,221,1994
Gamora,No Dual,Neutral,Yellow,Black,Female,218,1975
Amara Aquilla,Secret,Good,Blue,Blond,Female,217,1983
Julia Carpenter,Secret,Good,Blue,Strawberry Blond,Female,212,1984
Jane Foster,No Dual,Good,Blue,Brown,Female,211,1962
Mortimer Toynbee,Secret,Neutral,Black,Brown,Male,210,1964
Scott Lang,Public,Good,Blue,Strawberry Blond,Male,209,1979
Paige Guthrie,Secret,Good,Blue,Blond,Female,207,1984
Benjamin Parker,No Dual,Good,Blue,Brown,Male,205,1962
Erik Josten,Secret,Good,Brown,Red,Male,204,1965
Jeanne-Marie Beaubier,Secret,Good,Blue,Black,Female,203,1979
Carl Creel,Public,Bad,Blue,Bald,Male,202,1964
Gloria Grant,No Dual,,Brown,Black,Female,202,1975
Michael Twoyoungmen,Public,Good,Brown,Black,Male,200,1979
Hope Summers,Secret,Good,Green,Red,Female,200,2008
Eric Masterson,Secret,Good,Blue,Blond,Male,198,1988
Alexander Power,Secret,Good,Blue,Blond,Male,197,1984
Matthew Hawk,Secret,Good,Blue,Brown,Male,195,1962
Jessica Jones,No Dual,Good,Brown,Brown,Female,195,1963
Frederick Dukes,Public,Bad,Brown,Brown,Male,194,1964
Eric Brooks,Public,Good,Brown,Black,Male,194,1973
Eros,Public,Good,Blue,Red,Male,193,1973
Madison Jeffries,No Dual,Good,Brown,Black,Male,193,1983
Mandarin,Secret,Bad,Blue,Black,Male,190,1964
The Wizard,Public,Bad,Hazel,Brown,Male,189,1962
Akihiro,Secret,Bad,Blue,Black,Male,189,2006
Sergei Kravinoff,Public,Bad,Brown,Black,Male,188,1964
Jonothon Starsmore,Secret,Good,Brown,Brown,Male,187,1994
Helmut Zemo,Public,Bad,Blue,Blond,Male,184,1973
Victor Borkowski,Secret,Good,Brown,Black,Male,184,2003
Edward Leeds,Secret,Neutral,Blue,Brown,Male,181,1964
Ultron,No Dual,Bad,Red,No,Male,181,1968
Douglas Ramsey,Secret,Good,Blue,Blond,Male,181,1984
Quentin Beck,Secret,Bad,Blue,Bald,Male,180,1964
Herbert Wyndham,Secret,Neutral,Brown,Brown,Male,179,1966
Julian Keller,Public,Good,Blue,Black,Male,179,2003
Jack Russell,Secret,Good,Blue,Red,Male,178,1972
Celeste Cuckoo,Secret,Good,Blue,Blond,Female,177,2001
Valentina Allegra de Fontaine,Secret,Neutral,Blue,Black,Female,176,1967
Ophelia Sarkissian,Secret,Bad,Green,Black,Female,175,1969
Colleen Wing,Public,Good,Blue,Auburn,Female,175,1974
Irma Cuckoo,Secret,Good,Blue,Black,Female,175,2001
Sebastian Shaw,No Dual,Neutral,Blue,Black,Male,174,1980
Phoebe Cuckoo,Secret,Good,Blue,Blond,Female,174,2001
Sage,Secret,Good,Blue,Black,Female,172,1980
Valeria Richards,No Dual,Good,Blue,Blond,Female,171,2002
Donald Blake,No Dual,Good,Blue,Blond,Male,170,1962
Hela,Secret,Bad,Green,Black,Female,170,1964
Lilandra Neramani,No Dual,Good,Orange,Black,Female,170,1976
Henry Gyrich,No Dual,Bad,Green,Red,Male,170,1977
Dwayne Taylor,Secret,Good,Brown,Black,Male,169,1989
Harold Hogan,No Dual,Good,Brown,Brown,Male,166,1963
Redwing,Public,,Yellow,,Male,165,1969
Christopher Powell,Secret,Good,Brown,Brown,Male,165,1991
Harvey Elder,Secret,Bad,Brown,Grey,Male,164,1961
Wolfgang von Strucker,Public,Bad,Blue,Bald,Male,164,1964
Dirk Garthwaite,Secret,Bad,Blue,Brown,Male,164,1968
Pip Gofern,Secret,Good,Green,Red,Male,163,1975
Tony Masters,Secret,Neutral,Brown,Brown,Male,163,1980
David Lieberman,Secret,Neutral,Green,Brown,Male,163,1987
James Hudson,Secret,Good,Brown,Black,Male,161,1978
Miles Warren,Secret,Bad,Green,No,Male,160,1965
Kallark,Public,Neutral,Blue,Blue,Male,160,1977
En Sabah Nur,Public,Bad,Red,Black,Male,160,1986
Shiro Yoshida,Public,Good,Black,Black,Male,158,1970
Silver Sablinova,Secret,Good,Blue,Silver,Female,158,1985
Elvin Haliday,Secret,Good,Brown,Bald,Male,158,1990
James Bradley,Secret,Good,Blue,Black,Male,158,
Calvin Zabo,Secret,Bad,Brown,Brown,Male,157,1963
Frederick Myers,Secret,Bad,Brown,Brown,Male,157,1966
Mantis,Secret,Good,Green,Black,Female,156,1973
Marlene Alraune,No Dual,Good,Blue,Blond,Female,156,1976
Rachel Leighton,Secret,Good,Green,Brown,Female,156,1985
Veranke,No Dual,Bad,Green,Green,Female,156,2005
Nathaniel Essex,Secret,Bad,Red,Black,Male,155,1987
Anthony Druid,Public,Good,Green,Black,Male,153,1961
Cassandra Lang,Public,Good,Blue,Blond,Female,153,1979
Beta Ray Bill,No Dual,Good,White,No,Male,153,1983
Samuel Sterns,Public,Bad,Red,Black,Male,152,1964
Leech,Secret,Good,White,No,Male,152,1984
Glenn Talbot,No Dual,Neutral,Blue,Brown,Male,151,1964
Bug,Public,Good,Yellow,Green,Male,151,1979
Peter Petruski,Secret,Bad,Brown,Bald,Male,150,1963
Julie Power,Secret,Good,Blue,Strawberry Blond,Female,150,1984
Giuletta Nefaria,Secret,Bad,Grey,Black,Female,149,1968
Robert Ralston,No Dual,Good,Blue,Blond,Male,148,1963
Maximus,Secret,Neutral,Blue,Black,Male,147,1966
Genis-Vell,Public,Good,Blue,Blond,Male,147,1993
Hisako Ichiki,Secret,Good,Black,Black,Female,147,2004
Dmitri Smerdyakov,Secret,Bad,Variable,Variable,Male,146,1963
Eliot Franklin ,Public,Bad,Brown,Black,Male,146,1974
X-51,Known to Authorities,Good,Red,Black,Male,146,1977
Madelyne Pryor,Public,Bad,Green,Red,Female,146,1983
Adolf Hitler,No Dual,Bad,Brown,Brown,Male,145,1940
Herman Schultz,Public,Bad,Brown,Brown,Male,145,1967
Noriko Ashida,Secret,Good,Brown,Black,Female,145,2004
Chen Lu,Secret,Bad,Brown,Bald,Male,144,1963
Ulysses Klaw,Public,Bad,Red,Bald,Male,143,1966
Cessily Kincaid,Secret,Good,Silver,Red,Female,143,2003
Kyle Gibney,Secret,Neutral,Blue,Blond,Male,142,1983
Jack Monroe,Public,Good,Brown,Brown,Male,141,1953
Madeline Joyce,Secret,Good,Blue,Brown,Female,140,1943
George Tarleton,Public,Bad,White,Brown,Male,140,1967
Jocasta,No Dual,Good,Red,No,Female,140,1977
Peter Wisdom,No Dual,Good,Blue,Black,Male,140,1995
Jeffrey Mace,Secret,Good,Blue,Black,Male,139,1940
Aquaria Neptunia,Secret,Good,Blue,Blond,Female,139,1947
Dragon Man,No Dual,Good,Grey,No,Male,139,1965
Narya,Secret,Good,White,Blond,Female,138,1979
Burglar,Public,Bad,Blue,Blond,Male,137,1962
Dino Manelli,Public,Good,,Black,Male,137,1963
Peter Parker ,Secret,Good,Hazel,Brown,Male,137,1994
Nightmare,Secret,Bad,Black,Black,Male,136,1963
Ronan,No Dual,Neutral,Blue,Brown,Male,136,1967
Thomas Halloway,Public,Good,Brown,White,Male,135,1939
Jasper Sitwell,Public,Good,Blue,Blond,Male,134,1966
Frank Payne,Secret,Neutral,,Bald,Male,134,1977
Paladin,Secret,Neutral,Brown,Brown,Male,134,1978
Steel,Public,Good,,White,Male,134,
Mad Thinker,Secret,Bad,Blue,Brown,Male,133,1963
Brian Calusky,Public,Bad,Blue,Blond,Male,133,1974
Arthur Maddicks,No Dual,Good,White,No,Male,133,1986
Hedy Wolfe,No Dual,,Hazel,Black,Female,132,1944
Isadore Cohen,Public,Good,,,Male,132,1963
Dormammu,No Dual,Bad,Yellow,No,Male,132,1964
Makkari,Secret,Good,Blue,Strawberry Blond,Male,131,1940
Marlo Chandler,Public,Good,Blue,Red,Female,131,1988
Percival Pinkerton,Public,Good,Brown,Grey,Male,130,1964
Quintavius Quire,Public,Good,Brown,Brown,Male,130,2003
Marla Madison,No Dual,,Brown,Brown,Female,129,1976
Cletus Kasady,Public,Bad,Green,No,Male,129,1991
Supreme Intelligence,No Dual,Neutral,Yellow,Green,Male,128,1967
Aragorn,No Dual,Good,Brown,White,Male,128,1968
Betty Dean,No Dual,Good,Blue,White,Female,127,1940
Karnilla,Secret,Neutral,Purple,Black,Female,127,1964
Jacqueline Falsworth,Public,Good,Blue,Blond,Female,127,1976
Caliban,Secret,Good,Black,No,Male,127,1981
Isaac Christians,Public,Good,Blue,Black,Male,127,1981
Brock Rumlow,Secret,Bad,Brown,Black,Male,126,1989
Paul Norbert Ebersol,Secret,Neutral,Brown,Black,Male,125,1966
Annihilus,No Dual,Neutral,Green,No,Male,125,1968
Red Sonja,Public,Good,Brown,Red,Female,125,1973
Jonathan Hart,Public,Good,Blue,Brown,Male,125,1976
Bambina Arbogast,No Dual,Good,Blue,Black,Female,125,1979
Sooraya Qadir,Secret,Good,Brown,Brown,Female,125,2002
Zeus Panhellenios,No Dual,Neutral,Blue,Red,Male,124,1949
Randolph Robertson,No Dual,Good,Brown,Black,Male,124,1968
Yao,Secret,Good,Brown,Bald,Male,122,1961
Agatha Harkness,No Dual,Good,Blue,White,Female,122,1970
Jack Tarr,Secret,,Black,Black,Male,122,1974
Katherine Bishop,Public,Good,Blue,Black,Female,122,2005
Jason Wyngarde,Secret,Bad,Brown,Grey,Male,121,1964
Walter Newell,Public,Good,Hazel,Brown,Male,121,1967
Joanna Cargill,Secret,Good,Brown,Black,Female,121,1986
Parker Robbins,Secret,Bad,Brown,Brown,Male,121,2002
Rocket Raccoon,No Dual,Good,Brown,Black,Male,120,1976
Lyja,Secret,Neutral,Green,Green,Female,120,1984
Georges Batroc,No Dual,Bad,Brown,Black,Male,119,1966
Wyatt Wingfoot,Public,Good,Brown,Black,Male,119,1966
Henry Camp,Public,Bad,Brown,Black,Male,119,1974
Peter Quill,Secret,Good,Blue,Blond,Male,119,1976
Marrow ,Secret,Neutral,Blue,Red,Female,119,1994
Vision ,Public,Good,Gold,No,Male,119,2005
William Kaplan,Secret,Good,Brown,Black,Male,119,2005
George Stacy,Public,Good,Blue,White,Male,118,1968
Mari,Public,Good,Blue,Blond,Female,118,1979
Todd Arliss,Secret,Bad,Grey,No,Male,116,1968
Hammerhead ,Secret,Bad,Blue,Black,Male,116,1972
Heinrich Zemo,Public,Bad,Blue,Grey,Male,115,1964
Emil Blonsky,Secret,Bad,Blue,Blond,Male,115,1967
Arcturus Rann,Public,Good,Brown,Brown,Male,115,1979
James Woo,Public,Good,Brown,Black,Male,114,1956
Frank Drake,No Dual,Good,Blue,Blond,Male,114,1972
Callisto,Secret,Neutral,Blue,Black,Female,114,1983
Dorma,No Dual,Neutral,Blue,Auburn,Female,113,1939
Lonnie Lincoln,Public,Bad,Pink,White,Male,113,1988
Doop,No Dual,Good,Variable,Black,Male,113,2001
David Alleyne,Secret,Good,Brown,Black,Male,113,2003
Hepzibah,Secret,Good,Green,White,Female,112,1977
Charlie Cluster-7,Secret,Neutral,Blue,Black,Male,112,2002
Samuel Sawyer,Public,Good,Blue,Grey,Male,111,1963
Jacques Duquesne,Known to Authorities,Good,Blue,Black,Male,111,1965
Arcade,Secret,Bad,Blue,Red,Male,111,1978
Mary Walker,Secret,Bad,Brown,Brown,Female,111,1988
Miguel Santos,Secret,Good,Brown,Black,Male,111,1990
Christopher Summers,Public,Good,Brown,Brown,Male,110,1977
Morris Bench,Public,Bad,Brown,Brown,Male,110,1981
David Cannon,Public,Bad,Blue,Brown,Male,109,1963
Prosh,Secret,Good,Variable,No,,109,1988
Roderick Kingsley,Public,Bad,Blue,Grey,Male,108,1980
Dominikos Petrakis,Secret,Neutral,Brown,Brown,Male,108,1981
St. John Allerdyce,Secret,Neutral,Blue,Blond,Male,108,1981
Mary MacPherran,Secret,Bad,Blue,Strawberry Blond,Female,108,1984
Rita Wayword,Secret,Neutral,White,Silver,Female,108,1985
Angelo Espinosa,Secret,Good,Brown,Black,Male,108,1994
Layla Miller,No Dual,Good,Green,Blond,Female,108,2005
Leland Owlsley,Public,Bad,Blue,Brown,Male,107,1964
Karl Lykos,Secret,Bad,Brown,Brown,Male,107,1969
Jason Macendale Jr.,Secret,Bad,Brown,Black,Male,107,1981
Clay Harder,Public,Good,Blue,Blond,Male,106,1948
Frigga,Secret,Good,Blue,White,Female,106,1963
Ikaris ,Secret,Good,Blue,Blond,Male,106,1976
Jack Power,Secret,Good,Blue,Brown,Male,106,1984
Katherine Power,Secret,Good,Blue,Strawberry Blond,Female,106,1984
Sharon Ventura,Secret,Good,Blue,Red,Female,105,1985
Nico Minoru,Secret,Good,Brown,Black,Female,105,2003
Clive Reston,Public,,Blue,Grey,Male,104,1975
Idie Okonkwo,Public,Good,Blue,Black,Female,104,2010
Robert Frank,Secret,Good,Brown,Grey,Male,103,1941
Elizabeth Twoyoungmen,Secret,Good,Brown,Black,Female,103,1983
Everett Thomas,Secret,Good,Brown,Bald,Male,103,1994
Danger,No Dual,Good,,No,Female,103,2005
Dorrek VIII,Public,Good,Blue,Blond,Male,103,2005
Amadeus Cho,No Dual,Good,Black,Black,Male,103,2006
Phillip Masters,Public,Bad,Brown,Bald,Male,102,1962
Joshua Foley,Secret,Good,Blue,Blond,Male,101,2003
Karl Mordo,Secret,Bad,Brown,Black,Male,100,1963
Eternity,Secret,Neutral,Black,No,,100,1965
William Foster,Secret,,Brown,Black,Male,100,1966
Leiko Wu,Secret,Good,Blue,Black,Female,100,1975
Chase Stein,No Dual,Good,Blue,Blond,Male,100,2003
Howard Hanover,Public,,,Black,Male,100,
Louise Grant,Secret,Good,Blue,Blond,Female,99,1946
Grand Vizier ,Secret,Good,,White,Male,99,1965
Pyreus Kril,Secret,Neutral,White,Yellow,Male,99,1974
Acroyear,No Dual,Good,Grey,No,Male,99,1979
Yuriko Oyama,Secret,Bad,Brown,Black,Female,99,1983
Elijah Bradley,Secret,Good,Brown,Bald,Male,99,2005
Frankie Raye,Secret,Good,Blue,Red,Female,98,1975
Jimaine Szardos,Secret,Good,Blue,Blond,Female,98,1976
Bethany Cabe,No Dual,Good,Green,Red,Female,98,1978
Phillip Urich,Secret,Bad,Green,Brown,Male,98,1995
Delroy Garrett Jr.,Secret,Good,Brown,Black,Male,98,1998
Anya Corazon,Public,Good,Brown,Brown,Female,98,2004
Victoria Hand,No Dual,Neutral,Hazel,Black,Female,98,2009
Margaret Carter,Public,Good,Blue,White,Female,97,1966
Clay Quartermain,No Dual,,Blue,Blond,Male,97,1967
Ghost,Secret,Neutral,Blue,Brown,Male,97,1987
Jill Stacy,Public,Neutral,Blue,Black,Female,97,1997
Abigail Brand,Secret,Good,Green,Green,Female,97,2004
Carlie Cooper,No Dual,Good,Blue,Brown,Female,97,2008
Paul Duval,Secret,Bad,Blue,Brown,Male,96,1964
Blastaar,Secret,Bad,Grey,Grey,Male,96,1967
Jericho Drumm,Public,Good,Brown,Brown,Male,96,1973
Ruth Aldine,Secret,Good,,Black,Female,96,2005
Azura,Secret,Good,Blue,Blond,Female,95,1940
Cyclone ,Public,Good,,,Male,95,1948
Matthew Masters,Secret,Good,,Black,Male,95,1948
Luna Maximoff,No Dual,Good,Blue,Blond,Female,95,1982
Silhouette Chord,Secret,Good,Brown,Black,Female,95,1990
Attuma,No Dual,Bad,Brown,Black,Male,94,1964
Sally Blevins,Secret,Good,Blue,Blond,Female,94,1986
James Sanders,Secret,Neutral,Brown,Blond,Male,93,1969
Denis Nayland Smith,Secret,Good,,Bald,Male,93,1973
Andreas von Strucker,Secret,Neutral,Blue,Blond,Male,93,1985
Patricia Tilby,Public,Good,Blue,Black,Female,93,1986
Michael Collins,Secret,Good,Brown,Brown,Male,93,1990
Groot,No Dual,Good,Black,No,Male,92,1960
Vashti Cleito-Son,Secret,Good,,White,Male,92,1965
Eric Williams,Public,Bad,Blue,Grey,Male,92,1968
Gaea,Secret,Good,,,Female,92,1975
Raza Longknife,Secret,Neutral,One Eye,Orange,Male,92,1977
Rom,Public,Good,Blue,Black,Male,92,1979
Selene Gallio,Secret,Bad,Brown,Black,Female,92,1983
Norman Harold Osborn,No Dual,Bad,Blue,Brown,Male,92,1985
Michiko Musashi,Secret,Good,Brown,Black,Female,92,1992
Skaar,No Dual,Good,Green,Black,Male,92,2008
Ulik,Public,Bad,Brown,Brown,Male,91,1967
Roxanne Simpson,Secret,Good,,,Female,91,1972
Sinthea Shmidt,Public,Bad,Brown,No,Female,91,1984
George Washington Bridge,Secret,Good,Brown,White,Male,91,1991
Molly Hayes,Secret,Good,Green,Brown,Female,90,2003
Klaus Voorhees,Public,Bad,Blue,Bald,Male,89,1963
Vanisher,Secret,Neutral,Green,Bald,Male,89,1963
Skurge,Secret,Bad,Blue,Black,Male,88,1964
Arthur Parks,,Bad,Variable,Variable,Male,88,1966
Bernadette Rosenthal,No Dual,,Green,Auburn,Female,88,1980
Nathan Lubensky,Public,Good,Blue,White,Male,87,1980
David Haller,Secret,Good,Blue,Black,Male,87,1985
Lemar Hoskins,Secret,Good,Brown,Black,Male,87,1986
Donald Pierce,Secret,Bad,Blue,Blond,Male,86,1980
Joseph Chapman,Secret,Good,Blue,Brown,Male,86,1981
Karolina Dean,Secret,Good,Blue,Blond,Female,86,2003
Bastion,Secret,Bad,Hazel,White,Male,85,1996
Kull,Public,Good,Grey,Black,Male,84,1970
Satana Hellstrom,No Dual,Bad,Red,Red,Female,84,1973
Laynia Petrovna,Secret,Good,Brown,Blond,Female,84,1976
Night Raven ,Secret,Good,Grey,Bald,Male,84,1979
Kavita Rao,No Dual,Good,Brown,Black,Female,84,2004
Danielle Cage,No Dual,Good,Green,Black,Female,84,2006
Frederick Foswell,Secret,Neutral,Blue,Brown,Male,83,1964
John Greycrow,Secret,Neutral,Grey,Black,Male,83,1986
Michael Duffy,Public,Good,,Brown,Male,82,1941
Eric Koenig,No Dual,Good,Blue,Blond,Male,82,1966
Zheng Zu,Secret,Bad,Green,Black,Male,82,1973
Keniuchio Harada,Public,Neutral,Brown,Black,Male,82,1974
Irene Adler,Secret,Neutral,White,Silver,Female,82,1981
Marrina Smallwood,Secret,Good,Black,Green,Female,82,1983
Fred Davis Jr.,Secret,Good,Blue,White,Male,81,1945
Zelda DuBois,Public,Bad,Green,Auburn,Female,81,1965
Beyonder,Secret,Neutral,Variable,Variable,Male,81,1984
Roxanne Washington,Secret,,,,Female,81,2005
Bonita Juarez,Secret,Good,Brown,Black,Female,80,1981
Surtur,No Dual,Bad,Yellow,Red,Male,79,1963
Stranger ,Secret,Neutral,White,White,Male,79,1965
Brandy Clark,Public,Good,,Brown,Female,79,1979
Lillian Crawley,Secret,Good,Hazel,Brown,Female,79,1983
Ichabod,Secret,Good,,White,Male,78,1948
Russell Collins,Public,Good,Blue,Red,Male,78,1986
Michael Badilino,Secret,Bad,Brown,Black,Male,78,1992
Helen Takahama,Secret,Good,Blue,Black,Female,78,1997
En Sabah Nur ,Secret,Good,Black,Black,Male,78,2011
Dai Thomas,Public,,,Brown,Male,77,1975
Maria Callasantos,Secret,Bad,Brown,Brown,Female,77,1991
Sally Avril,Secret,Good,Brown,Black,Female,76,1962
Ebenezer Laughton,Secret,Bad,Brown,Brown,Male,76,1964
Pluto ,Secret,Bad,Grey,Black,Male,76,1966
Arnim Zola,No Dual,Bad,,No,Male,76,1977
Mariko Yashida,No Dual,Good,Brown,Black,Female,76,1979
Dallas Riordan,Secret,Good,Blue,Red,Female,76,1997
Hannibal King,No Dual,Good,Brown,Brown,Male,75,1974
Thomas Cassidy,Public,Bad,Blue,Black,Male,75,1976
Kara Killgrave,Secret,Good,Purple,Black,Female,75,1986
Jess\u00e1n Hoan,Secret,Good,Brown,Black,Female,75,1988
Daisy Johnson,Secret,Good,Blue,Black,Female,75,2004
John Horton,Public,Bad,Yellow,Yellow,Male,74,1972
Cecilia Reyes,No Dual,Good,Brown,Brown,Female,74,1997
Barnell Bohusk,Secret,Good,Blue,Blond,Male,74,2001
Victor Mancha,No Dual,Good,Green,Brown,Male,74,2005
Awesome Android,No Dual,Neutral,,No,Male,73,1963
Samuel Smithers,Public,Bad,Green,Grey,Male,73,1963
Wilbur Day,Public,Bad,Blue,Bald,Male,73,1965
Silvio Manfredi,Public,Bad,Blue,Silver,Male,73,1969
Richard Fisk,Secret,Bad,Blue,Blond,Male,73,1970
Edward Whelan,Secret,Neutral,Brown,Brown,Male,73,1982
Donald Gill,Public,Neutral,Blue,Blue,Male,73,1987
Alani Ryan,Secret,Good,Brown,Brown,Female,73,2004
Aarkus,Secret,Good,White,No,Male,72,1940
Aloysius Kare,Secret,Good,Brown,Black,Male,72,1950
Ringo Kid,Secret,Good,Brown,Brown,Male,72,1954
Maynard Tiboldt,Public,,Green,Black,Male,72,1962
Esteban Coraz\u00f3n de Ablo,Secret,Bad,Brown,Black,Male,72,1964
Marvin Flumm,Secret,Bad,Brown,Black,Male,72,1966
Nathaniel Richards,No Dual,Neutral,Brown,Grey,Male,72,1984
Kathryn Cushing,,,Blue,Blond,Female,72,1985
Cameron Hodge,Public,Bad,Blue,Grey,Male,72,1986
Alistaire Stuart,No Dual,,Variable,Variable,Male,72,1989
Stacy Dolan,Public,Good,Brown,Brown,Female,72,1990
Sleepwalker,Secret,Good,Red,No,Male,72,1991
Ben Hamill,Secret,Good,,,Male,72,2004
Ivan Kragoff,Secret,Bad,Brown,Grey,Male,71,1963
Marco Scarlotti,Public,Bad,Blue,Blond,Male,71,1968
Jennifer Takeda,Public,Good,Brown,Black,Female,71,2010
Broo,Secret,Good,,No,Male,71,2011
Robert Grayson,Secret,Good,Blue,Blond,Male,70,1950
Boris Bullski,Secret,Bad,Blue,Brown,Male,70,1965
Maximillian Coleridge,Secret,Good,Blue,Blond,Male,70,1976
Oracle ,Public,Good,Pink,Blond,Female,70,1977
Hope Abbott,Secret,Good,Hazel,Brown,Female,70,2005
"Nicholas Fury, Jr. ",No Dual,Good,One Eye,Bald,Male,70,2012
Fin Fang Foom,Secret,Bad,Red,No,Male,69,1961
Shalla-Bal,Secret,Good,Blue,Black,Female,69,1968
Samuel Saxon,Public,Bad,Brown,Bald,Male,69,1969
Jean DeWolff,Public,Good,Green,Blond,Female,69,1976
Blanche Sitznski,Secret,Bad,Green,Blond,Female,69,1980
Tanya Sealy,Secret,Neutral,Green,Black,Female,69,1980
Joy Mercado,Public,Good,Blue,Blond,Female,69,1983
Bennet du Paris,Secret,Bad,White,Black,Male,69,1993
Martha Franklin,Secret,Good,Blue,Black,Female,69,1998
Bentley Wittman ,No Dual,Good,Brown,Brown,Male,69,2009
Rachel van Helsing,Public,,Blue,Blond,Female,68,1972
Jerome Beechman,Public,Bad,Black,Brown,Male,68,1973
Tyros,Public,Bad,Grey,No,Male,68,1979
Yukio,No Dual,Neutral,Brown,Black,Female,68,1982
Lila Cheney,Public,Good,Blue,Black,Female,68,1984
Thomas Fireheart,Secret,Neutral,Green,Black,Male,68,1984
Everett Ross,Public,Good,,Brown,Male,68,1998
Criti Noll ,Secret,Bad,Green,No,Female,68,2006
Kenneth Hale,Secret,Good,Brown,Brown,Male,67,1954
Korg,No Dual,Good,Black,No,Male,67,1962
Mark Raxton,Public,Good,Hazel,Blond,Male,67,1965
Calvin Rankin,,Good,Brown,Brown,Male,67,1966
Basil Sandhurst,Secret,Bad,White,Black,Male,67,1969
Hobie Brown,Secret,Good,Brown,Black,Male,67,1969
Topaz,No Dual,Good,Brown,Black,Female,67,1974
Shadow King,,Bad,Red,No,Male,67,1979
William Cross,Secret,Bad,Blue,White,Male,67,1979
Lance Bannon,Public,Good,Blue,Brown,Male,67,1980
Rita DeMara,Public,Good,Blue,Strawberry Blond,Female,67,1986
Tong ,Secret,Good,,No,Female,67,2010
Romulus Augustulus,Secret,Bad,Brown,Blond,Male,66,1963
Super-Adaptoid,Secret,Bad,Black,No,Male,66,1966
John Proudstar,Secret,Good,Brown,Black,Male,66,1975
Christoph Nord,Secret,Good,Blue,Black,Male,66,1992
Maya Lopez,Secret,Good,Brown,Black,Female,66,1999
Old Lace,No Dual,Good,Red,No,Female,66,2003
Humberto Lopez,Secret,Good,Blue,Black,Male,66,2009
Morgan le Fay,No Dual,Bad,Green,Purple,Female,65,1955
Luchino Nefaria,Public,Bad,Blue,Black,Male,65,1965
Jennifer Kale,Secret,Good,Blue,Blond,Female,65,1972
Douglas Scott,Secret,Bad,Blue,Bald,Male,65,1981
Ashley Kafka,No Dual,Good,Blue,Black,Female,65,1991
Robert Herman,Secret,Neutral,,No,Male,65,2001
Shuri,Public,Good,Brown,Black,Female,65,2005
Justin Hammer,Public,Bad,Blue,Grey,Male,64,1979
Michael Steel,Secret,Bad,White,No,Male,64,1980
Kristoff Vernard,Secret,Good,Brown,Brown,Male,64,1982
Gateway,Secret,Good,Brown,Black,Male,64,1988
Lily Hollister,Public,Bad,Brown,Black,Female,64,2008
Tyr Odinson,Secret,Bad,Blue,Black,Male,63,1962
Krang,Secret,Neutral,Blue,Black,Male,63,1963
Zebediah Killgrave,Public,Bad,Purple,Purple,Male,63,1964
En Dwi Gast,Secret,Bad,Red,White,Male,63,1969
Arthur Stacy,,Good,Blue,Grey,Male,63,1971
David Griffith,No Dual,Good,Blue,Blond,Male,63,1972
Franklin Hall,Public,Bad,Blue,White,Male,63,1977
Microtron,,,,,,63,1979
Sara Wolfe,Public,Good,,Black,Female,63,1979
Simon Utrecht,Secret,Bad,Brown,Grey,Male,63,1980
Vertigo ,Secret,Bad,Blue,Green,Female,63,1982
Armando Mu\u00f1oz,Secret,Good,White,No,Male,63,2006
Jeanne Foucault,Secret,Good,Blue,Black,Female,63,2010
Bruno Horgan,Secret,Bad,Brown,Brown,Male,62,1963
Owen Reece,Secret,Neutral,Blue,Brown,Male,62,1963
Phineas Mason,Public,Neutral,Grey,White,Male,62,1963
Man-Beast,Secret,Bad,Red,Brown,Male,62,1966
Candace Southern,No Dual,Good,Blue,Black,Female,62,1967
Heather Glenn,No Dual,Good,Blue,Black,Female,62,1975
Rintrah,Secret,Good,Brown,Green,Male,62,1986
Kevin Masterson,Public,Good,Blue,Blond,Male,62,1988
Arkady Rossovich,Secret,Bad,Red,Blond,Male,62,1992
Karima Shapandar,Secret,Good,Brown,Black,Female,62,2000
Norah Winters,No Dual,Good,Blue,Blond,Female,62,2008
Brandon Sharpe,Public,Good,Brown,Black,Male,62,2010
Plan Chu,Secret,Bad,Blue,Bald,Male,61,1956
William Connors,No Dual,Good,Blue,Blond,Male,61,1963
Modred,Secret,Neutral,Blue,Silver,Male,61,1975
James Darnell,Secret,Bad,Brown,Brown,Male,61,1980
Carnage ,Public,Bad,White,No,Agender,61,1992
Venus ,Secret,Good,Blue,Blond,Female,61,2006
Lance Temple ,Secret,Good,Blue,Blond,Male,60,1954
Impossible Man,No Dual,Neutral,Purple,No,Male,60,1963
Robert Hunter,Public,Bad,Blue,White,Male,60,1974
Onslaught ,Secret,Bad,Red,No,Male,60,1996
Irene Merryweather,No Dual,Good,Brown,Brown,Female,60,1997
E.V.A.,Secret,Good,,No,Female,60,2002
Mik ,Secret,Good,,No,Male,60,2010
Kro,Secret,Bad,Red,Bald,Male,59,1940
Toni Turner,Public,,Black,Black,Female,59,1962
Melvin Potter,Public,,Blue,Bald,Male,59,1966
Billy Russo,Secret,Bad,Blue,Black,Male,59,1976
Anath-Na Mut,Secret,Bad,Red,Bald,Male,59,1977
Gilgamesh,Secret,Good,Blue,Black,Male,59,1977
Rebecca Blake,Public,Neutral,,Auburn,Female,59,1978
Biotron,No Dual,Good,,,Male,59,1979
Ruth Bat-Seraph,Secret,Good,Brown,Black,Female,59,1980
Sofia Mantega,Secret,Good,Brown,Brown,Female,59,2003
Nezhno Abidemi,Secret,Good,Blue,Bald,Male,59,2006
Thomas Shepherd,Secret,Good,Green,White,Male,59,2006
Ken Mack,Secret,Good,Brown,Black,Male,59,2010
Turg ,Secret,Good,,No,Male,59,2010
Ivan Petrovitch,Public,,Brown,Brown,Male,58,1970
Robert Diamond,No Dual,Good,Blue,Blond,Male,58,1974
Debra Whitman,No Dual,,Green,Blond,Female,58,1979
Cassandra Webb,Public,Good,Grey,Black,Female,58,1980
Claudette and Nicole St. Croix,Secret,Good,Brown,Black,Female,58,1994
Greg Willis,Secret,Good,Blue,Brown,Male,58,2005
Korr ,Secret,Good,,No,,58,2010
Daniel Brito,Public,Bad,Brown,Black,Male,57,1964
Jackson Brice,Public,Bad,Brown,Brown,Male,57,1964
Quincy Harker,No Dual,Good,Blue,White,Male,57,1973
Duvid Fortunov,Public,Good,Blue,Brown,Male,57,1975
Philippa Sontag,Secret,Bad,Violet,Black,Female,57,1986
Laurie Tromette,Secret,Good,Blue,Brown,Female,57,2010
Max Modell,Public,Good,Blue,Red,Male,57,2011
Arthur Pendragon,No Dual,Good,Blue,Brown,Male,56,1944
Hera Argeia,Secret,Bad,Blue,Blond,Female,56,1949
Johann Fennhoff,Public,Bad,Blue,Red,Male,56,1968
Mesmero ,Secret,Neutral,Green,Brown,Male,56,1968
Martha Robertson,No Dual,Good,,Black,Female,56,1969
James Braddock Jr.,No Dual,Neutral,Blue,Black,Male,56,1976
Ayesha,Secret,,White,Blond,Female,56,1977
Nebula,Secret,Bad,Blue,Bald,Female,56,1985
Blackout ,Secret,Bad,Red,White,Male,56,1990
Garrison Kane,Secret,Bad,Blue,Black,Male,56,1991
Phyla-Vell,Public,Good,Blue,White,Female,56,2004
Vil,Secret,Neutral,,No,Female,56,2010
Eliot Franklin ,Public,,Brown,Brown,Male,55,1962
Psycho-Man,Secret,Bad,Yellow,,Male,55,1967
Humanoid Experimental Robot B-Type Integrated Electronics,Secret,Good,Yellow,No,Male,55,1979
Cleo Nefertiti,Secret,Neutral,Brown,Black,Female,55,1985
Fen,No Dual,Good,Green,Auburn,Female,55,
Martha Connors,Public,,Blue,Red,Female,54,1963
Stan Lee,No Dual,Good,Brown,Black,Male,54,1963
Athena Parthenos,No Dual,Neutral,,Black,Female,54,1969
Hector Ayala,Public,Good,Brown,Black,Male,54,1975
Blake Tower,No Dual,Good,,Blond,Male,54,1976
Dimitri Bukharin,Secret,,Brown,Bald,Male,54,1978
Captain Universe,Secret,Good,Variable,Variable,Agender,54,1979
Mister Negative,Secret,Bad,Brown,Black,Male,54,2007
William Lumpkin,Public,Good,Blue,Grey,Male,53,1963
Ego,No Dual,,,No,Male,53,1966
Bova Ayrshire,Secret,Good,Brown,Brown,Female,53,1974
Seth,No Dual,Bad,Brown,Red,Male,53,1975
Brian Falsworth,Secret,,Brown,Brown,Male,53,1977
Nikolai Krylenko,Secret,Neutral,Blue,Red,Male,53,1978
Valinor,Public,Neutral,Brown,Black,Male,53,1979
Ann Darnell,Secret,,Green,Brown,Female,53,1980
Alexander Pierce,,Good,Brown,Brown,Male,53,1988
Kayla Ballantine,Public,Good,,Strawberry Blond,Female,53,1989
Vanessa Carlysle,Secret,Neutral,Red,White,Female,53,1991
Donyell Taylor,Secret,Good,Brown,Black,Male,53,1993
Ken Ellis,Public,,Brown,Brown,Male,53,1994
Teon Macik,Secret,Good,Brown,Brown,Male,53,2010
Wu,Secret,Neutral,,No,Male,53,2010
Eva Bell,Public,Good,Blue,Black,Female,53,2013
Zuras,No Dual,Good,Blue,Red,Male,52,1940
Kevin Marlow,Secret,,Blue,Blond,Male,52,1941
Steven Rogers ,Secret,Neutral,Blue,Blond,Male,52,1953
Space Phantom,,,Black,Brown,Male,52,1963
Tana Nile,No Dual,Good,Blue,Black,Female,52,1966
Turk Barrett,Public,Bad,Brown,Black,Male,52,1970
Xandarian Worldmind,Public,Good,,,,52,1977
Argon ,Public,Neutral,Blue,Blond,Male,52,1979
Fabian Stankowicz,Public,Good,Blue,Grey,Male,52,1982
Masque ,Secret,,Red,Bald,Male,52,1983
Manuel de la Rocha,Secret,Bad,Brown,Brown,Male,52,1984
Kodiak Noatak,Secret,Bad,,Red,Male,52,1986
Graydon Creed,No Dual,Bad,Blue,Brown,Male,52,1993
Max Eisenhardt ,Secret,Bad,Blue,White,Male,52,1995
Seward Trainer,No Dual,Bad,Brown,Brown,Male,52,1995
Tex Dawson,Public,Good,,Black,Male,51,1954
Gunther Bain,Secret,Bad,Blue,Black,Male,51,1964
Jeryn Hogarth,Public,Good,,Brown,Male,51,1977
Robert Farrell,Secret,Neutral,Brown,Black,Male,51,1977
Maximillian Zaran,No Dual,Bad,Blue,Red,Male,51,1979
Chons,Public,Neutral,Variable,,Male,51,1980
Mikhail Ursus,Secret,Good,Brown,Brown,Male,51,1981
Joshua Guthrie,Secret,Good,Green,Red,Male,51,1984
Antonio Rodriguez,Secret,Neutral,Brown,No,Male,51,1985
Jack Hammer,Secret,Neutral,Brown,Black,Male,51,1993
Neal Shaara,Secret,Good,Brown,Black,Male,51,2000
"John Jonah Jameson, Sr. ",No Dual,Good,Brown,White,Male,51,2009
Terry Vance,Public,Good,Blue,Auburn,Male,50,1940
Aphrodite Ourania,Secret,Good,Blue,Blond,Female,50,1948
M-11,Secret,Good,Yellow,No,Male,50,1954
Sir Percy of Scandia,Public,Good,Blue,Blond,Male,50,1955
Deborah Harris,Public,Good,,Black,Female,50,1965
Llyra Morris,No Dual,Bad,Green,Green,Female,50,1970
Robert Kelly,Public,Neutral,Brown,Brown,Male,50,1980
Susan Austin,Public,Good,,Strawberry Blond,Female,50,1988
Amelia Voght,No Dual,Neutral,Green,Red,Female,50,1993
Marshall Stone III,Secret,Neutral,Black,Black,Male,50,1993
Alexei Kravinoff,Public,Bad,Brown,Black,Male,50,1997
Guy Smith,Secret,Good,Purple,White,Male,50,2001
Tike Alicar,Secret,Good,Brown,Black,Male,50,2001
Eden Fesi,Secret,Good,Brown,Black,Male,50,2009
Raymond Dawson,Public,Good,Brown,Black,Male,49,1940
Henry Tinkelbaum,Secret,Good,,Blond,Male,49,1941
Cookie Novak,Public,Good,,Black,Male,49,1951
Hank Kelly,Public,Good,,Red,,49,1951
Robert Rider,Public,,,Brown,Male,49,1976
Tania Belinskaya,Secret,Neutral,Blue,Black,Female,49,1976
William Nasland,Secret,Good,Blue,Black,Male,49,1977
Roger Bochs,Secret,Good,Blue,Red,Male,49,1983
Marcus Stone,Public,Good,Brown,Black,Male,49,1989
Deidre Wentworth,Secret,Bad,Blue,Black,Female,49,1991
Fabian Cortez,Public,Bad,Blue,Brown,Male,49,1991
Sharra Neramani,Secret,,Yellow,Purple,Female,49,1993
Rumiko Fujikawa,No Dual,Good,Brown,Black,Female,49,1998
Gabriel Cohuelo,Public,Good,Brown,Black,Male,49,2010
Phillip Coulson,No Dual,Good,Blue,Brown,Male,49,2012
Christopher Muse,Public,Good,Brown,Black,Male,49,2013
Doctor Watson,Public,Good,,Brown,Male,48,1940
Abraham Erskine,Secret,,Brown,Black,Male,48,1941
Umar,Public,Bad,Green,Black,Female,48,1966
Satannish,Secret,Bad,Multiple,,Male,48,1968
Sha Shan,Public,Good,Grey,Black,Female,48,1972
Blood Brothers,,Bad,Red,No,Male,48,1973
Nekra Sinclair,Secret,Bad,Black,Black,Female,48,1973
Abraham Brown,Secret,,Brown,Black,Male,48,1974
Mamie Muggins,Public,,,Grey,Female,48,1974
In-Betweener,No Dual,Neutral,Black,No,Male,48,1975
Eric Payne,Secret,Good,Brown,Brown,Male,48,1977
Mentor ,Public,Neutral,White,No,Male,48,1977
Starbolt,Secret,Neutral,Yellow,No,Male,48,1977
Manta,Public,Neutral,White,No,Female,48,1980
Lorelei ,No Dual,Bad,Blue,Red,Female,48,1983
Grace Powell,Public,Good,,Red,Female,48,1991
Rick Sheridan,No Dual,Good,Brown,Light Brown,Male,48,1991
Frances Barrison,Public,Bad,Blue,Blue,Female,48,1993
Shirley Washington,Public,,Brown,Black,Female,48,1996
Tsu-Zana,Secret,Good,Blue,Blond,Female,48,1996
Richard Gilmore,Public,Good,Blue,Black,Male,48,1998
Tarene,Secret,Good,Blue,Blond,Female,48,2000
Melati Kusuma,Secret,Good,Brown,Black,Female,48,2007
Jonas Graymalkin,No Dual,Good,White,No,Male,48,2008
Thakorr,No Dual,Bad,,No,Male,48,
Ulysses Bloodstone,Secret,Neutral,Blue,Blond,Male,47,1960
Jack Pulver,Secret,,Blue,Brown,Male,47,1962
Maxwell Markham,Public,Neutral,Blue,Blond,Male,47,1974
Baron Karza,No Dual,Bad,Red,Black,Male,47,1979
Lindsay McCabe,Public,Good,Blue,Blond,Female,47,1979
Colin Hume,Secret,Good,Brown,Black,Male,47,1990
Jason Powell,,Neutral,,,Male,47,1991
Martha Johansson,Secret,Good,,No,Female,47,2001
Regan Wyngarde,Secret,Bad,Blue,Blond,Female,47,2001
Michael Pointer,Secret,Good,Blue,Blond,Male,47,2006
Jerry Sledge,Secret,Good,Brown,Bald,Male,47,2008
John Grey,Public,Good,,Grey,Male,46,1964
Jonathan Murdock,No Dual,Good,,,Male,46,1964
Nicholas Bromwell,Public,Good,Blue,Grey,Male,46,1964
Edgar Plunder,Secret,Bad,Black,Grey,Male,46,1966
Vanessa Fisk,No Dual,Neutral,Blue,Black,Female,46,1969
Lissa Russell,Public,Good,Blue,Brown,Female,46,1972
Wundarr,Public,Good,Brown,Brown,Male,46,1973
Bertrand Crawley,No Dual,,,White,Male,46,1976
Beverly Switzler,No Dual,Good,,Red,Female,46,1976
Stephanie Hunter,Public,Good,Black,Black,Female,46,1980
Rachel Carpenter,Public,Good,Brown,Blond,Female,46,1987
Francis Ketch,Public,Good,,Brown,Female,46,1990
Jonathan Powell,,Neutral,,,Male,46,1991
Cerise,Secret,Good,Violet,Black,Female,46,1992
Jake Olson ,No Dual,Good,,Blond,Male,46,1998
Myles Alfred,Secret,Good,Brown,Brown,Male,46,2001
Gertrude Yorkes,Secret,Good,Green,Black,Female,46,2003
Alexander Aaron,Secret,Good,Blue,Blond,Male,46,2006
Kubark,Public,Good,Red,Red,Male,46,2011
Elihas Starr,Public,Bad,Blue,Bald,Male,45,1962
James Wilson,No Dual,Good,Brown,Black,Male,45,1970
Claire Temple,No Dual,Good,Brown,Black,Female,45,1972
Eon,Secret,,Red,Brown,,45,1973
Stuart Clarke,Public,Bad,Blue,Black,Male,45,1976
Malekith,No Dual,Bad,Blue,Blond,Male,45,1984
Oswald Silkworth,Secret,Bad,Brown,Bald,Male,45,1984
Jesse Aaronson,Secret,Good,Brown,Black,Male,45,1998
Miranda Leevald,Public,Neutral,Green,Black,Female,45,2001
Angela del Toro,Secret,Neutral,Brown,Brown,Female,45,2003
Laurie Collins,Secret,Good,Blue,Blond,Female,45,2003
Gabriel Summers,Public,Bad,Blue,Brown,Male,45,2006
Miek,No Dual,Bad,Yellow,No,Male,45,2006
Joseph Green,Public,Good,Brown,Bald,Male,45,2007
Maki Matsumoto,Secret,Bad,Brown,Black,Female,45,2008
Mark Todd,Secret,Good,Brown,Bald,Male,44,1941
Robert Baxter,Secret,Bad,Blue,Black,Male,44,1944
Mordred,Public,Bad,Blue,Black,Male,44,1955
Alexander Gentry,Public,Neutral,Blue,Grey,Male,44,1963
Idunn,Public,Good,Blue,Blond,Female,44,1965
Ahmet Abdol,Public,Bad,Red,Bald,Male,44,1969
Jackson Norriss,Public,Good,Blue,Brown,Male,44,1970
Rafael Scarfe,Public,,,Brown,Male,44,1975
Arishem,No Dual,Neutral,,No,Male,44,1976
John Falsworth,Secret,Bad,Blue,Black,Male,44,1976
Eshu,Secret,Bad,Green,Black,Male,44,1983
Erg,Secret,Neutral,One Eye,Black,Male,44,1985
James Bourne,Public,Neutral,Brown,,Male,44,1986
Abraham Zimmer,,Good,Blue,White,Male,44,1987
Laura Dean,Secret,Good,Brown,Black,Female,44,1987
Whitman Knapp,Secret,,,Strawberry Blond,Male,44,1987
Christopher Bradley,Secret,Good,Blue,Brown,Male,44,1995
Blind Al ,Secret,Good,,White,Female,44,1997
Void ,Secret,Bad,Orange,Black,Male,44,2000
Brightwind,,,Red,Black,Male,44,
Red Raven ,Secret,Good,Blue,Red,Male,43,1940
Roger Aubrey,Secret,,Blue,Blond,Male,43,1943
Elaine Grey,Public,Good,Blue,Grey,Female,43,1964
Milos Masaryk,Secret,Bad,Blue,Black,Male,43,1964
Vera Cantor,Public,Good,Brown,Brown,Female,43,1966
Noah Black,Secret,Bad,Brown,Bald,Male,43,1968
Charles Barton,Public,Neutral,Blue,Red,Male,43,1969
Howard Stark,No Dual,Good,Blue,Grey,Male,43,1970
Martine Bancroft,,,Red,Blond,Female,43,1971
Hildegarde,No Dual,Good,,Blond,Female,43,1972
Lincoln Slade,Secret,Good,,,Male,43,1972
Richard Rory,Public,,Brown,Brown,Male,43,1974
Wilhelm Lohmer,Secret,,Blue,Blond,Male,43,1975
Jackson Day,Secret,Bad,Red,White,Male,43,1976
Thursday Rubinstein,Secret,Bad,,No,Female,43,1976
Slug ,Public,Good,,Black,Female,43,1979
Belasco,Secret,Bad,Black,Brown,Male,43,1982
Edward Lavell,Public,Bad,Brown,Brown,Male,43,1983
Frank Simpson,Secret,Bad,Blue,Blond,Male,43,1986
Silas Burr,Secret,Bad,Blue,Black,Male,43,1991
Carolyn Trainer,Secret,Bad,,Pink,Female,43,1995
Carlos LaMuerto,Public,Neutral,Brown,Black,Male,43,1997
Milla Donovan,Public,Good,White,Black,Female,43,2003
Tomi Shishido,Secret,Bad,Green,Black,Male,43,2004
Samuel Alexander,Secret,Good,Blue,Black,Male,43,2012
Leila Taylor,No Dual,Good,Brown,Black,Female,42,1971
Buck Cowan,No Dual,Good,,Brown,Male,42,1972
Katerina van Horn,Public,,Blue,Red,Female,42,1973
Lei-Kung,Secret,Good,Black,Bald,Male,42,1974
Lilith Drake,Secret,Neutral,Red,Black,Female,42,1974
Gwendolyne Stacy ,Secret,Neutral,Blue,Blond,Female,42,1975
Grannz,Secret,Neutral,Orange,Orange,Male,42,1977
Lord Chaos,,Good,,No,,42,1977
Andromeda Attumasen,No Dual,Good,Green,Auburn,Female,42,1985
Blackheart,No Dual,Bad,Red,Black,Male,42,1989
Pantu Hurageb,,Bad,Brown,Black,Male,42,1990
Walter Charles,Secret,Good,,Brown,Male,42,1990
Doreen Green,Public,Good,Brown,Brown,Female,42,1991
Peter Hunter,Secret,Good,Blue,Grey,Male,42,1991
Algernon Crowe,Public,Bad,Brown,Brown,Male,42,1992
Justine Hammer,Secret,Bad,Blue,Black,Female,42,1997
Johnathon Gallo,Secret,Good,Blue,Silver,Male,42,1998
Maria de Guadalupe Santiago,Secret,Good,Brown,Black,Female,42,1998
Elsa Bloodstone,Public,Good,Blue,Blond,Female,42,2001
Thor Odinson ,Public,Neutral,Red,Bald,Male,42,2006
Roger Brokeridge,Secret,Neutral,Green,Blond,Male,42,2007
Phineas Horton,No Dual,Good,Blue,Brown,Male,41,1939
Marie Lathrop,Public,Good,,Blond,Female,41,1948
Byrrah,Public,Bad,Blue,Blond,Male,41,1954
Orka,Secret,Neutral,Black,Black,Male,41,1970
Grom,Secret,Neutral,Black,Red,Male,41,1971
Noah Burstein,No Dual,Good,,,Male,41,1972
Lin Sun,Public,Good,,Black,Male,41,1974
Daniel Berkhart,Secret,Bad,Blue,Brown,Male,41,1975
Ransak,Secret,Good,,Black,Male,41,1977
Simon Maddicks,Secret,Bad,Brown,Brown,Male,41,1977
Iann-23,Public,Good,Blue,No,Male,41,1982
Obadiah Stane,Public,Bad,Blue,Bald,Male,41,1982
Martin Preston,Secret,Bad,Blue,Black,Male,41,1986
Nick Katzenberg,Public,Bad,Brown,Brown,Male,41,1989
Richard Parker ,,,,,Male,41,1992
Century ,Secret,Good,White,White,Male,41,1994
Charles Burlingame,Secret,Good,Brown,Black,Male,41,1998
Kuan-Yin Xorn,Secret,Bad,,,Male,41,2001
Juston Seyfert,No Dual,Good,Green,Brown,Male,41,2003
Sally Floyd,No Dual,,Brown,Black,Female,41,2006
Gunna Sijurvald,Secret,Neutral,Brown,Black,Female,41,2010
Geoffrey Vandergill,Secret,Good,,Blond,Male,40,1941
Washington Jones,Secret,Good,,White,Male,40,1941
Phoebus Apollo,,Good,Blue,Blond,Male,40,1948
Leopold Stryke,Public,Bad,Green,Brown,Male,40,1963
Raymond Bloch,Public,Bad,Brown,Brown,Male,40,1964
Mendel Stromm,Secret,Bad,Red,Bald,Male,40,1966
Recorder 211,Secret,Neutral,,Bald,Male,40,1966
Yon-Rogg,Public,Bad,,Brown,Male,40,1967
Barbarus,Secret,Bad,Brown,Brown,Male,40,1969
Zarathos,Secret,Neutral,Blue,No,Male,40,1972
Ajak,Secret,,Grey,Black,Male,40,1976
Araki,No Dual,Neutral,Gold,White,Female,40,1978
Munin,,Good,Black,,Male,40,1978
Sybil Dvorak,Secret,Bad,Brown,Brown,Female,40,1979
Daniel Leighton,Secret,Bad,Blue,Brown,Male,40,1980
Johnathon Ohnn,Secret,Bad,Blue,Brown,Male,40,1985
Andrew Chord,Secret,,Brown,Bald,Male,40,1989
Demogoblin,Secret,Neutral,Red,No,Male,40,1989
Julius Mullarkey,Secret,Good,Red,Red,Male,40,1992
Kiskillilla,Secret,Bad,Yellow,Black,Female,40,1992
Sarah Ryall,Public,Bad,Blue,Blond,Female,40,1992
Shevaun Haldane,Secret,Good,Green,Auburn,Female,40,1992
Steven Harmon,Public,Good,Blue,Purple,Male,40,1992
Scrier,Secret,Neutral,Black,No,Male,40,1994
James Santini,Public,Good,Green,Brown,Male,40,1995
Janice Yanizeski,Secret,Neutral,Hazel,Blond,Female,40,1995
Paul Stacy,Public,Neutral,Blue,Blond,Male,40,1997
Dead Girl ,Secret,Good,Red,Black,Female,40,2002
Abigail Boylen,Known to Authorities,Good,Blue,Blond,Female,40,2007
Sajani Jaffrey,No Dual,Neutral,Brown,Black,Female,40,2011
Benjamin Deeds,No Dual,Good,Brown,Brown,Male,40,2013
Richard Parker,No Dual,Good,Brown,Brown,Male,39,1968
Steel Serpent ,Public,Good,Brown,Black,Male,39,1975
Jacob Conover,Secret,Bad,,Black,Male,39,1976
Miss Locke,Secret,Bad,,Black,Female,39,1978
Kaina,Secret,Good,White,Brown,Female,39,1979
Aaron Nicholson,Secret,Bad,Brown,Black,Male,39,1984
Amiko Kobayashi,No Dual,Good,Brown,Black,Female,39,1984
Ghaur,Secret,Bad,Yellow,Blue,Male,39,1985
Quincy McIver,Secret,Bad,Brown,Black,Male,39,1985
Ulysses Lugman,Secret,Bad,Blue,White,Male,39,1987
Ananym,Secret,Bad,White,Red,Female,39,1989
Silverfox ,Secret,,Blue,Black,Female,39,1989
Mary Parker ,,,,,Female,39,1992
Carlton LaFroyge,Secret,Bad,Brown,Brown,Male,39,1993
Cammille Benally,Secret,Neutral,Brown,Brown,Female,39,2005
Brood ,Public,Neutral,Yellow,No,Female,39,2007
Rebecca Barnes ,Public,,Hazel,Red,Female,39,2007
Cosmo ,No Dual,Good,Brown,Brown,Male,39,2008
Fabio Medina,Public,Good,Black,Brown,Male,39,2013
Henry Casey,Public,Good,,Red,Male,38,1952
Harrington Byrd,Public,Good,Blue,Red,Male,38,1963
Marianne Rodgers,Public,Good,Blue,Blond,Female,38,1963
Victoria Bentley,Public,Neutral,,Brown,Female,38,1963
Diane Arliss,,Good,,Black,Female,38,1968
Jonathan Powers,Public,Bad,Blue,Brown,Male,38,1968
Amphibius,Secret,Bad,Yellow,No,Male,38,1969
Susan Scarbo,Secret,Bad,Green,Black,Female,38,1970
Jarella,No Dual,Good,Green,Blond,Female,38,1971
William Taurens,Public,Bad,Brown,Brown,Male,38,1971
Daniel Drumm,Public,Neutral,Brown,Black,Male,38,1973
Paul Cartier,Secret,Bad,Brown,Brown,Male,38,1973
Marduk Kurios,Secret,Bad,Variable,Variable,Male,38,1974
Electron ,Secret,Neutral,,,Male,38,1977
Karkas,Secret,Good,Black,No,Male,38,1977
William Stryker,No Dual,Bad,Blue,Grey,Male,38,1983
Marie-Ange Colbert,Secret,Neutral,Green,Red,Female,38,1984
Jackie Lukus,Public,Bad,Blue,Brown,Female,38,1988
Niels,Secret,Good,Yellow,Orange,Male,38,1988
Melody Jacobs,Secret,Neutral,Brown,Black,Female,38,1993
Anne Ghazikhanian,Public,Good,Blue,Black,Female,38,2002
Ernst,Secret,Good,,Grey,Female,38,2003
Geoffrey Wilder,Secret,Neutral,Brown,Black,Male,38,2003
Kevin Ford,Secret,Bad,Brown,Brown,Male,38,2003
Elloe Kaifi,Public,,Red,Black,Female,38,2006
Ahura Boltagon,No Dual,,Brown,Black,Male,38,
Franklin Roosevelt,No Dual,,,,Male,37,1940
